{
  "target": "172.16.2.0/24",
  "timestamp": "2026-07-11 11:02:26",
  "runs": 3,
  "privileged": false,
  "multirun": {
    "reference": "union (proxy)",
    "reference_count": 18,
    "tools": {
      "enumgrid": {
        "available": true,
        "runs": 3,
        "hosts": {
          "n": 3,
          "mean": 17.666666666666668,
          "stdev": 0.5773502691896257,
          "ci95": 0.6533333333333333,
          "min": 17.0,
          "max": 18.0
        },
        "recall": {
          "n": 3,
          "mean": 0.9814814814814815,
          "stdev": 0.03207501495497923,
          "ci95": 0.03629629629629631,
          "min": 0.9444444444444444,
          "max": 1.0
        },
        "precision": {
          "n": 3,
          "mean": 1.0,
          "stdev": 0.0,
          "ci95": 0.0,
          "min": 1.0,
          "max": 1.0
        },
        "time": {
          "n": 3,
          "mean": 22.674608694336104,
          "stdev": 0.011815406566932704,
          "ci95": 0.0133703911975268,
          "min": 22.66096745801042,
          "max": 22.68163262499729
        },
        "union_found": [
          "172.16.2.124",
          "172.16.2.142",
          "172.16.2.153",
          "172.16.2.154",
          "172.16.2.157",
          "172.16.2.177",
          "172.16.2.212",
          "172.16.2.216",
          "172.16.2.223",
          "172.16.2.226",
          "172.16.2.231",
          "172.16.2.233",
          "172.16.2.236",
          "172.16.2.250",
          "172.16.2.254",
          "172.16.2.76",
          "172.16.2.88",
          "172.16.2.99"
        ]
      },
      "nmap-sn": {
        "available": true,
        "runs": 3,
        "hosts": {
          "n": 3,
          "mean": 1.0,
          "stdev": 0.0,
          "ci95": 0.0,
          "min": 1.0,
          "max": 1.0
        },
        "recall": {
          "n": 3,
          "mean": 0.05555555555555555,
          "stdev": 0.0,
          "ci95": 0.0,
          "min": 0.05555555555555555,
          "max": 0.05555555555555555
        },
        "precision": {
          "n": 3,
          "mean": 1.0,
          "stdev": 0.0,
          "ci95": 0.0,
          "min": 1.0,
          "max": 1.0
        },
        "time": {
          "n": 3,
          "mean": 51.181445333670126,
          "stdev": 30.79300737592675,
          "ci95": 34.845568151392904,
          "min": 32.5508777500072,
          "max": 86.7243055840081
        },
        "union_found": [
          "172.16.2.154"
        ]
      },
      "arp-scan": {
        "available": false,
        "runs": 0
      },
      "netdiscover": {
        "available": false,
        "runs": 0
      },
      "masscan": {
        "available": false,
        "runs": 0
      }
    }
  }
}