{
  "target": "172.28.0.0/24",
  "timestamp": "2026-07-11 13:24:48",
  "runs": 3,
  "privileged": false,
  "multirun": {
    "reference": "union (proxy)",
    "reference_count": 10,
    "tools": {
      "enumgrid": {
        "available": true,
        "runs": 3,
        "hosts": {
          "n": 3,
          "mean": 10.0,
          "stdev": 0.0,
          "ci95": 0.0,
          "min": 10.0,
          "max": 10.0
        },
        "recall": {
          "n": 3,
          "mean": 1.0,
          "stdev": 0.0,
          "ci95": 0.0,
          "min": 1.0,
          "max": 1.0
        },
        "precision": {
          "n": 3,
          "mean": 1.0,
          "stdev": 0.0,
          "ci95": 0.0,
          "min": 1.0,
          "max": 1.0
        },
        "time": {
          "n": 3,
          "mean": 10.376854553666666,
          "stdev": 0.01192493218002,
          "ci95": 0.013494331096237053,
          "min": 10.363704613999971,
          "max": 10.386966941000082
        },
        "union_found": [
          "172.28.0.1",
          "172.28.0.10",
          "172.28.0.11",
          "172.28.0.12",
          "172.28.0.13",
          "172.28.0.14",
          "172.28.0.15",
          "172.28.0.16",
          "172.28.0.17",
          "172.28.0.18"
        ]
      },
      "nmap-sn": {
        "available": true,
        "runs": 3,
        "hosts": {
          "n": 3,
          "mean": 10.0,
          "stdev": 0.0,
          "ci95": 0.0,
          "min": 10.0,
          "max": 10.0
        },
        "recall": {
          "n": 3,
          "mean": 1.0,
          "stdev": 0.0,
          "ci95": 0.0,
          "min": 1.0,
          "max": 1.0
        },
        "precision": {
          "n": 3,
          "mean": 1.0,
          "stdev": 0.0,
          "ci95": 0.0,
          "min": 1.0,
          "max": 1.0
        },
        "time": {
          "n": 3,
          "mean": 15.976489317999949,
          "stdev": 0.1141760059179314,
          "ci95": 0.12920231359335943,
          "min": 15.873322385999927,
          "max": 16.099161449999883
        },
        "union_found": [
          "172.28.0.1",
          "172.28.0.10",
          "172.28.0.11",
          "172.28.0.12",
          "172.28.0.13",
          "172.28.0.14",
          "172.28.0.15",
          "172.28.0.16",
          "172.28.0.17",
          "172.28.0.18"
        ]
      },
      "arp-scan": {
        "available": false,
        "runs": 0
      },
      "netdiscover": {
        "available": false,
        "runs": 0
      },
      "masscan": {
        "available": false,
        "runs": 0
      }
    }
  }
}