{
  "timestamp": "2026-07-11 13:27:57",
  "pooled": {
    "environments": [
      "172.16.2.0/24",
      "172.28.0.0/24"
    ],
    "n_environments": 2,
    "tools": {
      "enumgrid": {
        "n_envs": 2,
        "recall": {
          "n": 2,
          "mean": 0.9907407407407407,
          "stdev": 0.013094570021973081,
          "ci95": 0.018148148148148118,
          "min": 0.9814814814814815,
          "max": 1.0
        },
        "precision": {
          "n": 2,
          "mean": 1.0,
          "stdev": 0.0,
          "ci95": 0.0,
          "min": 1.0,
          "max": 1.0
        },
        "time": {
          "n": 2,
          "mean": 16.525731624001384,
          "stdev": 8.695825346232303,
          "ci95": 12.051799057856048,
          "min": 10.376854553666666,
          "max": 22.674608694336104
        },
        "hosts": {
          "n": 2,
          "mean": 13.833333333333334,
          "stdev": 5.421151989096865,
          "ci95": 7.513333333333334,
          "min": 10.0,
          "max": 17.666666666666668
        },
        "per_env_recall": {
          "172.16.2.0/24": 0.9814814814814815,
          "172.28.0.0/24": 1.0
        }
      },
      "nmap-sn": {
        "n_envs": 2,
        "recall": {
          "n": 2,
          "mean": 0.5277777777777778,
          "stdev": 0.6678230711206282,
          "ci95": 0.9255555555555556,
          "min": 0.05555555555555555,
          "max": 1.0
        },
        "precision": {
          "n": 2,
          "mean": 1.0,
          "stdev": 0.0,
          "ci95": 0.0,
          "min": 1.0,
          "max": 1.0
        },
        "time": {
          "n": 2,
          "mean": 33.57896732583504,
          "stdev": 24.893663130054524,
          "ci95": 34.500856895356776,
          "min": 15.976489317999949,
          "max": 51.181445333670126
        },
        "hosts": {
          "n": 2,
          "mean": 5.5,
          "stdev": 6.363961030678928,
          "ci95": 8.819999999999999,
          "min": 1.0,
          "max": 10.0
        },
        "per_env_recall": {
          "172.16.2.0/24": 0.05555555555555555,
          "172.28.0.0/24": 1.0
        }
      }
    }
  }
}